{
    "loss": 7.636551856994629,
    "accuracy": 0.558264434337616
}