{
    "loss": 3.744504928588867,
    "accuracy": 0.7694214582443237
}